gnomAD_AF	CADD_PHRED	Condel	ada_score	rf_score	DANN_score	MetaLR_score	MetaSVM_score	REVEL_score	phastCons100way_vertebrate	phastCons20way_mammalian	phyloP100way_vertebrate	phyloP20way_mammalian	True.Label
8.121102e-06	26.6	0.828	0.999296017595137	0.866	0.997373346956955	0.877	0.9254	0.944	1	0.998	9.564	0.998	1
8.121102e-06	33	0.816	0.99962516228151	0.866	0.998460231372867	0.8805	0.9789	0.943	1	0.992	7.134	0.931	1
8.121102e-06	33	0.945	0.000450628000272067	0.178	0.998954764284755	0.8563	0.8091	0.918	1	0.788	1.411	-0.362	1
8.121102e-06	27.9	0.935	0.999591866490987	0.846	0.996627745466956	0.6912	0.5047	0.627	1	0.985	6.319	0.935	1
8.121102e-06	24.4	0.47	0.891737760954282	0.72	0.989720217179896	0.3669	-0.2527	0.586	0.969	0.915	2.972	0.852	1
8.121102e-06	34	0.919	0.980008385456349	0.786	0.999229566029788	0.2979	-0.5281	0.563	1	0.998	8.754	1.048	1
8.121102e-06	23.5	0.871	0.504562965952729	0.534	0.995682632859725	0.7535	0.763	0.977	1	0.973	7.94	0.868	1
8.121102e-06	23.7	0.136	0.211690242484994	0.552	0.991414031919543	0.762	0.5943	0.41	1	0.651	4.115	0.852	1
8.121102e-06	0.002	0	3.30614890030334e-05	0.028	0.464704067254214	0.0239	-1.0133	0.691	0.746	0.859	-0.044	-0.139	1
8.121102e-06	30	0.945	0.720529420118802	0.576	0.998589568807683	0.9842	1.0387	0.995	1	0.998	8.726	1.199	1
8.121102e-06	22.1	0.791	3.4788182109832e-05	0.17	0.997327279196094	0.3729	-0.0733	0.495	0.887	0.729	-0.341	-0.799	1
0.00222	34	0.897	0.999733683561815	0.988	0.999519789165399	0.5077	0.2687	0.587	1	1	6.297	1.048	1
8.121102e-06	29.7	0.945	0.198945322276328	0.41	0.996723293559732	0.7243	0.6226	0.888	1	1	2.477	0.932	1
8.121102e-06	34	0.919	0.999994918498368	0.966	0.750592520549037	0.0825	-1.2	0.485	1	0.992	7.26	0.935	1
0.0001486	34	0.807	0.558242553128905	0.716	0.999115496449086	0.8299	0.8357	0.831	1	0.995	3.802	0.72	1
8.121102e-06	24.6	0.919	0.999882770814609	0.982	0.996529520597994	0.1736	-0.917	0.4	1	0.997	7.905	0.935	1
8.121102e-06	17.02	0.005	0.980940406006552	0.894	0.839117564713178	0.1949	-0.7899	0.359	1	0.973	9.499	1.048	1
4.469e-05	11.98	0.639	0.0994749629917172	0.332	0.993808043349423	0.8667	0.7682	0.731	0.516	0.99	-0.004	1.14	1
4.064e-06	25.8	0.897	0.997862352923233	0.756	0.998384597990727	0.8586	0.84	0.87	1	0.966	5.379	1.048	1
8.121102e-06	24.5	0.347	0.836336467014462	0.852	0.9960423961692	0.7764	0.6471	0.759	1	0.995	7.894	1.088	1
4.106e-06	24	0.729	0.924360955981013	0.704	0.995121497122033	0.9065	0.9977	0.854	1	0.728	6.908	0.998	1
8.121102e-06	29.9	0.919	0.99952103763142	0.864	0.998666160035296	0.7675	0.6643	0.826	1	0.77	9.928	1.048	1
4.135e-06	25	0.786	0.888482881316888	0.632	0.993148723086119	0.6556	0.5876	0.914	1	0.992	9.529	0.963	1
8.121102e-06	29.7	0.935	0.608357815237434	0.718	0.999305303043313	0.2059	-0.4394	0.322	1	0.945	9.644	0.857	1
8.121102e-06	22.7	0.323	0.999670406914912	0.992	0.988040880033556	0.6774	0.1094	0.484	1	1	7.645	0.902	1
2.031e-05	15.15	0.042	0.0660858972228009	0.444	0.520644036308128	0.772	0.1665	0.568	1	0.958	3.934	0.935	1
4.141e-06	27.3	0.261	0.999992045457322	1	0.999375796574891	0.0608	-1.0713	0.163	0.989	0.972	1.991	0.998	1
4.064e-06	24.7	0.082	0.0625484130420126	0.286	0.801138368315726	0.1799	-0.7278	0.321	1	0.994	7.791	1.048	1
8.121102e-06	29.9	0.911	0.999550364268148	0.984	0.987663613864243	0.2253	-0.3756	0.6	1	0.942	7.503	0.935	1
8.121102e-06	32	0.867	0.601258790952118	0.642	0.987195856852736	0.1691	-0.7966	0.749	1	1	9.096	1.199	1
4.066e-06	33	0.945	0.988936492077312	0.898	0.999335404297157	0.7233	0.6413	0.911	1	0.999	9.894	0.953	1
0.0002034	34	0.532	0.982264875236955	0.782	0.999164523637322	0.542	0.1941	0.865	1	0.96	7.876	0.888	1
4.502e-05	26.1	0.493	0.948844460349842	0.66	0.998838178921246	0.2246	-0.3347	0.381	1	0.993	5.646	0.935	1
6.095e-05	25.5	0.846	0.990856464014295	0.786	0.997294447381314	0.9809	1.0507	0.93	1	0.718	9.989	0.891	1
8.121102e-06	31	0.829	0.999210659989119	0.888	0.997307492563291	0.9278	1.0401	0.831	1	0.983	4.085	0.935	1
8.121102e-06	24.5	0.354	0.99987684362935	0.996	0.967635923058479	0.8623	0.9967	0.789	1	0.971	5.007	0.108	1
8.121102e-06	28.8	0.935	0.998938546892978	0.802	0.997524744810953	0.5493	0.1795	0.738	1	0.308	6.943	0.934	1
8.121102e-06	26	0.071	0.99996126446234	0.992	0.995572384024417	0.9383	1.1946	0.659	1	0.99	7.232	1.048	1
8.121102e-06	27.8	0.945	0.980016383671915	0.836	0.993401947389372	0.9995	0.8975	0.919	1	0.905	7.044	0.935	1
8.121102e-06	27.4	0.945	0.970064200777202	0.918	0.999134216035185	0.982	1.0365	0.988	1	1	7.425	1.061	1
8.121102e-06	27.3	0.451	0.999992728674351	1	0.974293469444985	0.9904	1.0166	0.804	1	1	9.903	1.048	1
8.121102e-06	26.5	0.911	0.992173878459994	0.868	0.99892644392376	0.4896	0.0848	0.621	1	0.33	9.358	1.047	1
8.121102e-06	22.7	0.002	0.949114543337164	0.738	0.998111683428326	0.4786	-0.316	0.823	1	0.909	5.695	0.919	1
8.121102e-06	26.5	0.673	0.982120701438375	0.764	0.999016779216799	0.2254	-0.681	0.771	1	0.993	9.693	1.048	1
8.121102e-06	25.3	0.45	0.999979272104885	0.97	0.99781610924524	0.626	0.157	0.589	1	0.984	6.836	1.048	1
1.226e-05	25.1	0.773	0.999992581621154	0.996	0.997692445227528	0.6569	0.2317	0.563	1	0.998	6.162	1.038	1
4.08e-06	19.2	0.326	0.0310157801855645	0.21	0.996604974373562	0.6778	0.5244	0.401	1	0.994	4.488	0.902	1
8.121102e-06	31	0.895	0.999795024075027	1	0.998156914792336	0.9482	1.0996	0.927	1	0.99	6.126	0.852	1
8.121102e-06	24.5	0.935	0.80103482150597	0.802	0.998822865290246	0.9808	1.0637	0.983	1	0.993	5.891	1.056	1
8.121102e-06	22.9	0.603	3.69500854372128e-05	0.102	0.996055167016696	0.9341	0.8665	0.813	1	0.995	1.962	0.144	1
8.121102e-06	29.1	0.713	0.701500988212742	0.542	0.994723812758792	0.5118	0.0856	0.703	1	0.998	6.931	1.061	1
4.091e-06	32	0.919	0.867311563904808	0.542	0.994664867432324	0.8233	0.8814	0.929	1	1	7.479	1.061	1
8.121102e-06	25.9	0.945	0.997594722653958	0.83	0.997711902920192	0.9843	1.0411	0.911	1	0.826	5.241	1.048	1
8.121102e-06	28.2	0.699	0.346702151344386	0.538	0.98869338487472	0.4798	-0.2028	0.688	1	0.987	7.904	1.061	1
1.219e-05	32	0.895	0.999994181243026	1	0.99780579211425	0.8877	1.0053	0.891	1	0.998	6.962	0.92	1
6.091e-05	22.1	0.385	0.99998851376936	1	0.996610662677017	0.646	0.37	0.597	1	0.577	8.756	1.048	1
8.159e-06	27.3	0.945	0.988557325950149	0.906	0.997904931416875	0.6097	0.4801	0.939	1	0.466	9.396	0.998	1
8.121102e-06	26.4	0.683	0.936299306359579	0.856	0.997624112760802	0.2619	-0.5688	0.685	1	0.951	7.594	1.061	1
8.121102e-06	26.4	0.726	0.936299306359579	0.856	0.997624112760802	0.2619	-0.5688	0.685	1	0.951	7.594	1.061	1
8.13e-06	26.8	0.63	0.298033629234798	0.392	0.998698325783451	0.3609	-0.3153	0.148	1	1	7.951	0.964	1
8.121102e-06	32	0.945	0.999461669740753	0.964	0.999207369653817	0.3494	-0.0173	0.802	1	0.98	5.842	0.935	1
0.0001148	23.6	0.896	0.21496113224082	0.416	0.996786041257616	0.2932	-0.5196	0.522	1	1	7.539	0.807	1
1.24e-05	26.4	0.869	0.999996244686623	1	0.983681961100475	0.5087	-0.0023	0.618	1	0.926	9.915	1.044	1
8.121102e-06	32	0.859	0.999992942176037	0.996	0.999006635209293	0.6187	0.3759	0.625	1	0.998	9.602	1.048	1
4.064e-06	24.5	0.754	0.999845643904721	0.98	0.993812361169868	0.9069	1.0141	0.917	1	0.986	9.161	0.953	1
4.066e-06	24.5	0.886	0.999352233194095	0.986	0.958317559475519	0.7437	0.5123	0.702	1	0.639	3.879	0.935	1
8.121102e-06	24.3	0.857	0.999993947104975	0.998	0.995054022317523	0.843	0.7801	0.737	1	0.999	4.108	0.791	1
8.121102e-06	26.6	0.945	0.755428657889518	0.712	0.997960422839501	0.087	-0.8872	0.903	1	0.996	7.917	1.061	1
1.627e-05	19.41	0.253	0.170859076666813	0.372	0.894357763696854	0.1653	-0.6217	0.258	1	0.964	1.53	0.935	1
0	35	0.877	0.492164427246335	0.496	0.999138561433451	0.8133	0.7742	0.916	1	0.992	1.73	0.852	1
8.121102e-06	32	0.863	0.996596853765089	0.878	0.999231158214535	0.7049	0.6314	0.765	1	0.998	2.057	1.048	1
8.121102e-06	26.3	0.825	0.0697255471786507	0.28	0.998816947984588	0.7191	0.456	0.873	1	1	3.393	1.199	1
8.121102e-06	34	0.935	0.999996600204614	1	0.999448990175119	0.1204	-1.072	0.209	1	0.997	7.258	0.935	1
8.121102e-06	23.7	0.408	0.999992544568712	1	0.995418214613795	0.1944	-0.7462	0.697	1	0.998	5.913	1.043	1
8.121102e-06	23	0.571	0.000145411037574315	0.13	0.896535232666557	0.7128	0.2772	0.533	0.999	0.356	0.735	-0.324	1
1.682e-05	25.4	0.883	0.954744690519835	0.876	0.999304216048225	0.9505	1.0966	0.868	1	1	7.565	0.931	1
8.121102e-06	25.9	0.728	0.964850709162194	0.722	0.992415896470559	0.7853	0.709	0.743	1	0.96	5.638	0.998	1
8.121102e-06	32	0.906	0.999995861934138	0.998	0.997558029493892	0.994	0.9536	0.97	1	0.994	7.905	0.935	1
8.121102e-06	24.9	0.935	0.991823414041566	0.762	0.995588023696635	0.992	0.9482	0.994	1	0.998	9.257	1.048	1
8.121102e-06	23.9	0.883	0.99988261057945	0.996	0.997086264929253	0.7146	0.7956	0.986	1	0.984	9.326	0.953	1
8.121102e-06	23.9	0.783	0.999686679183731	0.984	0.997473165613791	0.9906	0.9779	0.965	1	0.994	6.821	1.048	1
8.121102e-06	34	0.935	0.999976461386436	1	0.9995712648067	0.9728	1.0734	0.941	1	0.988	10.003	1.048	1
8.121102e-06	27.8	0.615	0.61544052706787	0.676	0.998570709974717	0.9319	1.0121	0.9	1	1	8.369	1.199	1
8.121102e-06	26.1	0.897	0.999684206045376	0.976	0.997124748262275	0.7877	0.9304	0.916	1	0.972	9.987	0.932	1
0.005754	24.8	0.919	0.831772693807775	0.646	0.996280417443951	0.1622	-0.5911	0.274	1	0.301	6.937	0.931	1
8.121102e-06	27.4	0.691	0.997933540393708	0.898	0.901717269717174	0.8174	0.6119	0.91	1	0.993	9.323	0.887	1
8.121102e-06	35	0.775	0.957975531733569	0.706	0.999481776324686	0.7509	0.6889	0.889	1	0.998	9.377	0.953	1
8.121102e-06	34	0.945	0.0366890946500818	0.266	0.998796319956314	0.9297	1.1108	0.933	1	0.989	3.545	0.935	1
8.121102e-06	29.6	0.879	0.100186530280075	0.556	0.989990641376905	0.9716	1.0872	0.963	1	0.999	8.737	1.088	1
1.22e-05	35	0.892	0.999930107513037	0.942	0.999515449096769	0.903	1.0033	0.867	1	0.985	7.986	1.036	1
4.062e-06	33	0.845	0.987989377074043	0.892	0.999305187488856	0.8626	0.8959	0.914	1	1	7.56	0.841	1
8.121102e-06	32	0.88	0.491062370760264	0.7	0.998438724685341	0.6673	0.4977	0.912	1	0.979	8.947	1.199	1
0.0002522	31	0.919	0.969403504182622	0.784	0.999037801692042	0.4317	-0.2641	0.259	1	0.999	9.483	1.047	1
1.626e-05	21.1	0.323	0.999622505190806	0.984	0.993269342527681	0.8479	0.6348	0.276	1	0.782	6.335	1.048	1
8.121102e-06	22.1	0	0.999975736386582	0.94	0.899842067803113	0.5516	-0.14	0.571	1	0.993	5.67	0.935	1
8.121102e-06	26.5	0.778	0.999991742956908	0.996	0.997943617482368	0.4072	-0.3651	0.729	1	1	6.109	0.892	1
8.121102e-06	24.9	0.715	0.999923934919358	0.964	0.99348200148907	0.091	-1.076	0.212	0.629	1	0.23	0.935	1
4.062e-06	32	0.889	0.999864364525539	0.996	0.990081568842154	0.9845	1.0546	0.985	1	0.996	7.746	0.935	1
6.255e-05	16.67	0.005	0.997630461558467	0.964	0.977721695497358	0.0521	-1.0892	0.124	1	1	6.14	1.199	1
0	25.5	0.764	0.982555333863537	0.808	0.996031734435999	0.9911	0.9815	0.962	0.999	0.982	4.257	0.852	1
8.121102e-06	26.6	0.906	0.0309042635644144	0.17	0.998332676396076	0.5057	0.0919	0.696	1	1	7.985	1.059	1
8.121102e-06	33	0.919	0.999993141279875	1	0.99925886786696	0.9801	1.0547	0.976	1	0.942	9.725	1.048	1
4.066e-06	27.9	0.815	0.999383236340088	0.934	0.999046455504829	0.8685	1.0127	0.964	1	0.437	7.83	0.953	1
8.121102e-06	26.5	0.532	0.47927900092398	0.486	0.995131104693901	0.9389	1.0405	0.739	1	0.99	4.359	0.916	1
8.121102e-06	25.1	0.945	0.0800277450032577	0.322	0.988672232631234	0.9854	1.0794	0.944	1	0.376	7.943	0.941	1
8.121102e-06	27.8	0.945	0.999998312535482	1	0.985401169540956	0.9609	1.1004	0.936	1	0.972	9.957	1.048	1
8.121102e-06	34	0.662	0.99999742736349	1	0.999121546710646	0.9529	1.1119	0.958	1	0.974	8.031	1.048	1
4.063e-06	28.7	0.774	0.999985930335359	0.994	0.99955881335513	0.1524	-0.7945	0.255	1	0.967	3.955	0.935	1
8.121102e-06	34	0.945	0.999968700061267	0.996	0.997835452041329	0.9523	1.084	0.925	1	0.977	9.463	1.048	1
8.121102e-06	25.6	0.873	0.950896165538209	0.68	0.998124402423163	0.9566	1.0985	0.913	1	0.996	9.429	1.048	1
8.121102e-06	34	0.935	0.999994081865851	0.992	0.999455487818891	0.4784	-0.1186	0.466	1	0.994	7.361	0.935	1
8.121102e-06	25	0.811	0.0899713637988425	0.334	0.995031372568878	0.9351	1.0423	0.893	1	0.934	5.652	1.061	1
0	27.2	0.816	0.999944975169158	0.98	0.995552280738523	0.6058	0.2248	0.335	0.999	0.911	4.449	0.892	1
8.121102e-06	25.5	0.859	0.0337253979609902	0.33	0.998233447870137	0.5751	0.151	0.724	1	1	3.731	1.199	1
8.121102e-06	26.4	0.945	0.999557496138283	0.918	0.993917330649438	0.984	1.0432	0.931	1	0.959	10.003	1.048	1
8.121102e-06	26.8	0.919	0.000715838005414123	0.022	0.924917451205219	0.4954	-0.1925	0.596	1	0.917	9.096	0.192	1
8.121102e-06	32	0.626	0.974984613114903	0.896	0.99579357115859	0.9368	1.0829	0.935	1	0.746	7.537	0.892	1
8.121102e-06	21.5	0.324	0.99999682219039	0.996	0.993767298481843	0.6825	0.1502	0.478	1	1	7.513	0.935	1
8.121102e-06	31	0.892	0.982914793524643	0.908	0.993434328350407	0.7989	0.617	0.856	1	1	5.722	0.892	1
8.121102e-06	33	0.812	0.999170563483491	0.908	0.996122122964735	0.9743	1.0734	0.953	1	0.997	7.905	0.935	1
8.121102e-06	18.66	0.012	0.999991032023531	0.998	0.991786324638225	0.2264	-0.8243	0.052	1	1	3.524	1.048	1
8.121102e-06	26.7	0.839	0.999859501667318	0.95	0.998796289523022	0.6396	0.2382	0.821	1	0.95	9.602	0.953	1
4.114e-06	26.1	0.526	0.00299510192673483	0.048	0.990053904373422	0.8294	0.691	0.687	1	1	2.8	1.048	1
3.004e-05	34	0.945	0.999992664149185	1	0.998310544729516	0.9049	0.8666	0.761	1	0.981	9.967	1.048	1
8.121102e-06	16.19	0.057	0.996253984284487	0.99	0.995056907660305	0.7129	0.3573	0.364	1	0.98	2.784	1.061	1
1.22e-05	24.3	0.289	0.00580193724941913	0.172	0.989050633756138	0.2127	-0.7149	0.722	0.969	0.69	0.725	-0.455	1
8.215e-06	34	0.935	0.999987931497522	1	0.99924971700482	0.9849	1.0195	0.935	1	0.998	9.196	0.975	1
8.121102e-06	26.5	0.798	0.6509779684063	0.654	0.997788636049784	0.9759	1.0742	0.963	1	0.979	8.802	1.14	1
8.121102e-06	27.3	0.919	0.99601715582251	0.9	0.99777624430181	0.9935	0.9194	0.88	1	0.996	1.532	1.045	1
8.121102e-06	24.9	0.755	0.999966561417551	0.986	0.997196697623063	0.7018	-0.1183	0.407	0.4	1	0.556	0.617	1
0.0003454	28.5	0.796	0.99866151346158	0.966	0.996818235787345	0.9749	1.0796	0.947	1	0.811	1.837	0.038	1
0.0001056	31	0.935	0.999998122414291	1	0.985383390053352	0.982	1.0456	0.942	1	0.996	6.795	0.935	1
8.121102e-06	26.5	0.877	0.999997515638241	0.966	0.982523002995864	0.8367	0.7148	0.932	1	0.974	4.189	0.729	1
8.121102e-06	25.7	0.656	0.321384901412287	0.392	0.9838019649016	0.3185	-0.3666	0.419	1	0.676	4.898	1.061	1
8.121102e-06	34	0.661	0.999994807940805	1	0.999136086471899	0.8823	0.8886	0.827	1	0.997	7.499	0.855	1
8.121102e-06	25.5	0.945	0.00153418421612897	0.38	0.99807455681905	0.9839	1.0772	0.955	1	0.997	3.567	0.169	1
8.121102e-06	25.4	0.689	0.999992837776275	0.998	0.999093995708552	0.2527	-0.7019	0.451	1	0.971	4.66	0.935	1
8.121102e-06	22	0.038	0.997392257738033	0.8	0.995421219225207	0.6245	0.0286	0.462	1	1	8.949	1.048	1
8.121102e-06	31	0.919	0.94282725082778	0.664	0.994118481016689	0.9453	1.0904	0.949	1	0.996	9.907	1.048	1
8.133e-06	29	0.935	0.906848531106772	0.586	0.996162122189208	0.9927	0.9351	0.979	1	0.993	6.226	1.061	1
8.121102e-06	20.8	0.546	0.562068910363926	0.586	0.995893942621916	0.7688	0.443	0.861	1	0.832	1.487	0.998	1
8.227e-06	33	0.855	0.99999456641474	1	0.999230636855413	0.752	0.6609	0.868	1	0.985	9.602	0.998	1
8.121102e-06	24.1	0.387	0.999954896452777	0.988	0.993776853478121	0.4279	-0.4215	0.308	1	0.997	4.468	0.852	1
8.209e-05	24	0.389	0.999967400639781	0.998	0.997529578145205	0.0507	-1.0914	0.048	1	0.993	3.478	0.953	1
8.121102e-06	9.229	0.06	5.05854201559164e-05	0.002	0.97067200931143	0.0848	-0.9655	0.135	0.994	0.928	0.481	0.185	1
1.283e-05	28.8	0.684	0.798221735204212	0.542	0.993243904431842	0.2074	-0.8022	0.303	1	0.986	7.793	1.061	1
8.121102e-06	35	0.945	0.987959169495119	0.906	0.998706671115167	0.9974	0.9015	0.97	1	0.998	9.934	1.048	1
8.121102e-06	34	0.802	0.999994906273949	1	0.999507850424049	0.627	0.1864	0.394	1	0.993	6.708	0.836	1
8.121102e-06	34	0.801	0.0605847927138344	0.326	0.996895606266774	0.693	0.5071	0.826	1	0.98	5.993	0.953	1
8.121102e-06	29.3	0.945	0.999881896056663	0.984	0.967560346989164	0.1451	-0.7911	0.719	1	1	7.326	1.199	1
1.635e-05	27.8	0.906	0.999895593453679	0.974	0.997542970123209	0.5362	0.2164	0.738	1	0.993	7.06	1.024	1
8.121102e-06	22.9	0.447	0.9999979076122	0.968	0.998641576810121	0.2758	-0.5282	0.353	1	0.991	6.33	0.935	1
8.121102e-06	28.7	0.452	0.976127873926565	0.836	0.998411679156416	0.9814	1.0674	0.893	1	0.931	6.157	0.935	1
8.121102e-06	24.7	0.935	0.974472629930717	0.736	0.995479901546391	0.9838	1.0279	0.979	1	0.98	7.866	0.935	1
8.121102e-06	26.3	0.945	0.996783634713347	0.93	0.997532571915794	0.9881	0.9861	0.986	1	0.981	5.932	0.935	1
8.121102e-06	24.9	0.817	0.999992955491962	1	0.998044838795477	0.6622	0.288	0.726	1	1	7.905	0.935	1
8.121102e-06	19.51	0.587	0.844726377447199	0.478	0.910657932897886	0.8402	0.7421	0.705	0.996	0.387	4.528	1.194	1
8.121102e-06	24	0.403	0.999997030036391	0.998	0.978554318653663	0.9621	1.1548	0.8	1	0.979	6.168	0.892	1
8.211e-06	24.3	0.079	0.9999694600223	0.998	0.998642211586016	0.8097	0.7143	0.561	1	0.903	5.454	0.935	1
8.121102e-06	32	0.945	0.999989476764798	1	0.998226708458852	0.9608	1.0859	0.935	1	0.995	6.941	0.931	1
8.121102e-06	22	0.134	0.425984846258573	0.736	0.991363769327617	0.9008	0.9583	0.786	1	0.993	5.891	1.056	1
8.121102e-06	24.3	0.789	0.655971634564054	0.668	0.993306811637385	0.9764	1.0814	0.944	1	0.993	5.891	1.056	1
8.121102e-06	25.7	0.484	0.999989112771222	1	0.995372742176059	0.5325	0.1195	0.419	1	0.994	7.48	0.935	1
8.121102e-06	27.6	0.935	0.999992581621154	0.936	0.993046448948247	0.3618	-0.2805	0.211	1	0.961	5.435	0.902	1
8.121102e-06	26	0.655	0.999997630933046	1	0.998392592939466	0.005	-0.8325	0.185	1	0.999	3.913	0.949	1
0	28.1	0.505	0.999801742211969	0.966	0.996015166725737	0.282	-0.6127	0.43	1	0.931	4.659	1.03	1
4.127e-06	24.2	0.337	0.999988857061089	0.978	0.94600532047287	0.3137	-0.7119	0.425	1	0.931	4.659	1.03	1
8.121102e-06	28.3	0.911	0.999996178635971	1	0.989261126746596	0.7885	0.7178	0.828	1	0.982	7.416	0.902	1
8.121102e-06	29.7	0.883	0.163775934672803	0.444	0.98893940555501	0.8692	0.9637	0.96	1	0.985	7.608	1.011	1
8.121102e-06	23.5	0.835	0.999995198914617	1	0.998537891396682	0.8694	0.8655	0.633	1	1	6.832	1.045	1
8.121102e-06	27.9	0.802	0.999991083449034	0.998	0.997920420935356	0.7833	0.6559	0.626	1	0.992	6.947	0.998	1
8.121102e-06	23.6	0.032	0.999987565834636	0.99	0.987064383727204	0.6832	0.1751	0.481	1	1	5.919	1.048	1
8.121102e-06	18.55	0.825	7.96990923827188e-05	0.314	0.991245017471686	0.6815	0.4148	0.749	0.798	0.99	0.074	-0.461	1
8.121102e-06	29	0.634	0.998291207735027	0.954	0.997525207979425	0.8853	0.9722	0.817	0.171	0.967	-0.473	0.932	1
8.121102e-06	22	0.47	0.969307402085628	0.642	0.991759581432269	0.9476	0.9301	0.688	1	1	5.863	1.045	1
8.121102e-06	24.6	0.935	0.799546556330251	0.782	0.99602934520962	0.9314	1.0934	0.934	1	1	9.252	1.14	1
8.121102e-06	24.3	0.618	0.999656193858133	0.932	0.978566314285345	0.967	1.0958	0.836	1	0.983	7.334	0.809	1
8.121102e-06	28.1	0.945	0.999476001251954	0.8	0.999114261186009	0.9783	1.0639	0.988	1	0.994	9.365	1.045	1
2.843e-05	0.001	0	2.37306759455319e-05	0.016	0.228011843747773	0.0525	-0.8213	0.386	0	0.839	-3.475	-1.722	1
8.121102e-06	25.4	0.781	0.999909093681011	0.978	0.998809248257611	0.9385	1.0742	0.943	1	0.999	9.864	1.048	1
8.121102e-06	24.4	0.603	0.0605866308374754	0.44	0.995425171003109	0.9239	1.0107	0.851	1	0.86	6.741	0.028	1
8.121102e-06	23.8	0.325	0.999967761432169	1	0.972365521860268	0.045	-1.0318	0.055	1	0.998	3.709	1.048	1
4.09e-06	24.4	0.463	0.99999377961789	0.998	0.998705973740043	0.3943	-0.3169	0.113	1	0.995	4.026	1.048	1
8.121102e-06	29.8	0.765	0.999995738771388	1	0.9972234308193	0.6149	0.3975	0.361	1	0.979	9.518	1.048	1
8.123e-06	21.6	0.675	0.999888635060948	0.998	0.998598811387895	0.4641	-0.2808	0.407	1	0.999	3.274	1.058	1
8.156e-06	26.8	0.857	0.999558089716384	0.97	0.998584840617306	0.8149	0.8309	0.854	1	1	8.427	1.048	1
8.121102e-06	28.5	0.787	0.99992543610124	1	0.998741259703303	0.7118	0.5241	0.775	1	0.981	6.282	1.058	1
8.121102e-06	32	0.784	0.999988543238541	1	0.962966134218464	0.5775	0.1228	0.432	1	0.971	3.554	0.935	1
8.121102e-06	31	0.716	0.733339250604867	0.612	0.998798154458527	0.9777	1.0662	0.982	1	0.991	8.017	1.011	1
8.121102e-06	34	0.906	0.999981290965904	1	0.999306760080789	0.9765	1.095	0.772	1	0.985	7.905	0.935	1
8.121102e-06	24.3	0.853	0.99999350786752	1	0.999243793201934	0.9798	1.0845	0.759	1	0.849	7.845	0.935	1
8.121102e-06	29.5	0.892	0.879389250348135	0.596	0.996689786215848	0.9827	1.0427	0.982	1	0.982	7.674	1.061	1
8.133e-06	35	0.841	0.999989453443161	0.998	0.996611693052033	0.3968	-0.1861	0.606	1	0.998	7.561	0.935	1
8.121102e-06	28.9	0.685	0.999994825543404	1	0.994958112828863	0.0758	-1.1617	0.164	1	0.996	5.685	0.935	1
8.121102e-06	25.6	0.935	0.991269663302772	0.894	0.998851897832013	0.97	1.0938	0.937	1	1	8.017	1.061	1
4.69e-06	22.8	0.55	0.999955313889751	0.958	0.999297428039408	0.0603	-1.1449	0.051	1	0.93	3.395	0.892	1
8.121102e-06	33	0.945	0.998741373554989	0.916	0.998663789458779	0.9594	1.0804	0.95	1	0.999	7.76	0.935	1
8.121102e-06	34	0.935	0.999967377951008	0.942	0.999307440670209	0.9513	1.0815	0.981	1	1	7.813	0.852	1
5.281e-05	27.4	0.812	0.999986590681012	0.966	0.99918912281988	0.2538	-0.5441	0.463	1	0.79	7.608	0.721	1
8.121102e-06	23.5	0.797	0.999995566069353	1	0.996397955099236	0.7324	0.4593	0.701	1	0.869	9.92	1.048	1
8.121102e-06	26.2	0.945	0.999941045170487	0.978	0.995847873985385	0.9261	1.0539	0.959	1	1	7.905	0.935	1
8.121102e-06	25.4	0.897	0.843559825891604	0.612	0.996551718070733	0.9457	1.0978	0.859	1	0.989	5.012	1.061	1
1.234e-05	24.4	0.905	8.71564118339961e-06	0.142	0.996765687078317	0.9765	1.0657	0.872	0.004	0.461	-0.238	-0.851	1
2.845e-05	33	0.911	0.999988292101478	0.996	0.998498128033524	0.9352	1.0585	0.817	1	0.88	5.832	0.841	1
8.121102e-06	29	0.945	0.998574112586307	0.856	0.997171147888664	0.9277	1.0731	0.954	1	0.408	7.803	0.89	1
8.121102e-06	27.9	0.945	0.999991794225886	0.984	0.998693145724791	0.8867	1.0105	0.828	1	0.998	5.477	0.839	1
3.658e-05	31	0.813	0.959167460073516	0.876	0.998904535024961	0.6227	0.1229	0.446	1	1	5.258	0.931	1
7.721e-05	25.9	0.296	0.993733916693694	0.864	0.998158259797858	0.1883	-0.9219	0.135	1	1	5.307	1.048	1
8.121102e-06	26.1	0.68	0.999991506962041	1	0.988782547142592	0.7934	0.5346	0.662	1	1	7.122	1.047	1
8.121102e-06	29.3	0.945	0.999976753976467	1	0.994412597483041	0.9894	0.9601	0.978	1	0.992	9.588	0.972	1
8.121102e-06	25.5	0.905	0.998827603744113	0.892	0.998007986284303	0.9891	0.9668	0.996	1	1	9.599	1.045	1
8.121102e-06	28.4	0.919	0.99990109607899	0.978	0.998880329539831	0.5499	0.2459	0.717	1	0.989	5.972	1.119	1
8.121102e-06	33	0.892	0.999992084630314	0.994	0.998787579686487	0.4244	-0.084	0.616	1	0.999	8.505	1.045	1
8.121102e-06	31	0.889	0.999640247477039	0.974	0.989768523924212	0.0151	-0.8804	0.21	1	0.992	6.798	0.935	1
8.121102e-06	27.2	0.906	0.0823798219446239	0.494	0.985376453774801	0.919	1.0695	0.97	1	0.986	8.962	1.194	1
8.121102e-06	28.6	0.84	0.999988005763587	0.972	0.998509292618107	0.8145	0.8458	0.709	1	0.997	7.593	0.953	1
8.121102e-06	28.3	0.945	0.999159915362707	0.96	0.998681324590135	0.7574	0.7142	0.849	1	1	9.595	0.956	1
8.121102e-06	31	0.515	0.999952429853051	0.982	0.981075267538606	0.2452	-0.723	0.553	1	0.999	10.003	0.998	1
8.146e-06	31	0.945	0.979031975332259	0.65	0.928874296900818	0.9141	1.0826	0.947	1	1	10.003	0.953	1
8.121102e-06	24.2	0.945	0.999785638852714	0.988	0.991532614906019	0.6897	0.3424	0.68	1	0.997	9.94	1.048	1
8.121102e-06	26	0.398	0.999997512963572	0.984	0.984889462606948	0.0958	-1.1136	0.423	1	0.999	7.733	0.998	1
8.121102e-06	29.2	0.79	0.498111053061381	0.646	0.962567148657467	0.1041	-1.0196	0.817	1	1	7.621	1.061	1
8.121102e-06	34	0.851	0.999985438420888	1	0.999564077887571	0.3847	-0.178	0.666	1	1	9.564	1.048	1
0.0001669	26.6	0.881	0.933478624631296	0.81	0.997793249158873	0.4409	-0.061	0.899	1	0.982	7.476	1.035	1
8.121102e-06	24	0.27	0.99939296965011	0.994	0.988544495428723	0.4583	-0.3685	0.485	0.929	0.17	1.777	0.848	1
8.121102e-06	26.6	0.863	0.999992581621154	0.992	0.995198194520807	0.6531	0.428	0.852	1	0.984	4.725	0.77	1
8.121102e-06	23.3	0.756	0.999906211006408	0.986	0.976894858782768	0.7336	0.5596	0.806	1	0.639	3.879	0.935	1
8.121102e-06	26.4	0.905	0.999994928475277	1	0.997475672740011	0.3474	-0.2213	0.402	1	0.934	2.062	0.888	1
8.121102e-06	34	0.945	0.0207878819138689	0.164	0.998824205385357	0.8465	0.8242	0.894	1	0.999	1.847	1.045	1
8.128e-06	24.3	0.88	0.999947437384202	0.992	0.98713642273198	0.1247	-1.0265	0.141	1	0.136	4.882	0.898	1
8.121102e-06	25.6	0.935	0.0026903602218358	0.078	0.998450232071305	0.1138	-0.8547	0.235	1	1	2.032	0.998	1
8.121102e-06	25.9	0.935	0.0120664624260524	0.106	0.998518399128333	0.1138	-0.8547	0.235	1	1	2.032	0.998	1
8.121102e-06	29	0.738	0.999995740104342	1	0.997084476423982	0.9862	1.0401	0.961	1	1	9.808	0.953	1
8.121102e-06	33	0.873	0.999599943342127	0.98	0.999126850908749	0.4517	-0.0641	0.266	1	1	7.31	0.932	1
8.121102e-06	32	0.865	0.811998519031444	0.766	0.976649537774604	0.9208	1.0872	0.9	1	0.998	7.61	1.061	1
8.121102e-06	26.4	0.945	0.985336290332697	0.766	0.98838611981169	0.9974	0.8971	0.921	1	0.481	9.295	0.998	1
8.121102e-06	25.3	0.935	0.93168849336606	0.746	0.990797608914929	0.9979	0.9183	0.893	1	0.92	9.948	0.998	1
8.121102e-06	20.9	0.397	0.118636290598247	0.416	0.98978026410983	0.6193	-0.1352	0.566	0.999	0.022	2.881	0.948	1
8.121102e-06	27.1	0.911	0.0107238909670572	0.214	0.989645363371626	0.8906	0.9321	0.868	1	0.994	7.917	1.047	1
8.121102e-06	11.81	0.028	0.492399810078951	0.512	0.946387401874163	0.574	-0.0942	0.454	1	0.95	4.365	1.048	1
0.0002234	29.5	0.509	0.119130701442739	0.318	0.992682716476414	0.5696	0.0448	0.558	1	1	5.205	1.194	1
8.121102e-06	29	0.768	0.484910160113833	0.754	0.984373698357114	0.659	0.4153	0.208	1	0.992	4.099	1.126	1
2.506e-05	24.1	0.508	0.999958418091372	0.996	0.998260638724067	0.1762	-0.9354	0.09	0.317	0.944	0.735	0.796	1
8.121102e-06	25.9	0.945	0.999370544290374	0.952	0.997983194037936	0.9712	1.0631	0.985	1	0.936	7.815	0.85	1
8.121102e-06	32	0.945	0.999943713765042	0.976	0.998315098559334	0.966	1.0842	0.967	1	0.955	7.879	0.935	1
8.121102e-06	33	0.945	0.999953964658414	0.99	0.997006006995092	0.9784	1.0218	0.958	1	0.955	7.879	0.935	1
3.253e-05	25	0.395	0.999990750853138	1	0.995460174727949	0.0162	-1.0103	0.052	1	0.689	3.296	0.915	1
0.0002442	11.54	0.347	0.999952592160107	0.97	0.930536363605736	0.0488	-1.0434	0.011	0.843	0.008	1.779	-0.008	1
8.121102e-06	32	0.935	0.999440234636962	0.894	0.997755532977461	0.9659	1.0707	0.908	1	0.673	5.111	0.931	1
8.121102e-06	26.5	0.945	0.781839785974619	0.638	0.992667868989494	0.9395	1.0863	0.933	1	0.984	9.883	1.048	1
8.121102e-06	28.1	0.61	0.982418753125159	0.852	0.997622047542161	0.775	0.6824	0.743	1	1	7.926	1.006	1
8.121102e-06	34	0.906	0.999945962895554	0.964	0.993763337370196	0.9401	1.0937	0.512	1	0.998	3.819	0.87	1
8.121102e-06	27.2	0.691	0.762086568175268	0.58	0.987876130438719	0.3096	-0.4031	0.767	1	0.998	7.984	1.061	1
8.121102e-06	18.67	0.253	0.999884136878772	0.998	0.993811194338461	0.6348	0.0702	0.569	1	0.992	6.56	1.194	1
8.121102e-06	26	0.799	0.999968305366245	0.992	0.991940829857772	0.8113	0.7752	0.783	1	0.992	6.56	1.194	1
4.064e-06	19.18	0.05	0.999990593672623	0.988	0.992599044711064	0.6083	0.0456	0.503	1	0.978	5.961	1.045	1
8.121102e-06	20.5	0.273	0.999992097819931	1	0.977902947444827	0.5545	-0.0383	0.614	1	0.978	5.961	1.045	1
8.121102e-06	29.9	0.919	0.999998122414291	1	0.999357547120259	0.8649	0.8948	0.821	1	0.999	9.224	1.048	1
8.121102e-06	31	0.945	0.999911410303851	0.982	0.997435380788192	0.9937	0.9324	0.978	1	0.971	7.678	0.998	1
8.121102e-06	25.7	0.558	0.999993473418153	1	0.998495901750817	0.5952	0.1621	0.536	1	1	4.099	1.048	1
0.0001183	31	0.732	0.999995037813048	0.996	0.999243221198519	0.6341	0.1708	0.744	1	0.997	5.686	0.892	1
8.121102e-06	33	0.935	0.270742365575492	0.428	0.999007302191957	0.8814	0.9237	0.89	1	0.964	2.192	0.045	1
8.121102e-06	24.5	0.386	0.104140412392659	0.244	0.996323696934134	0.6552	0.4697	0.675	1	0.617	8.985	1.199	1
0	12.91	0.002	0.999950505286016	0.996	0.924819307275021	0.3305	-0.57	0.37	1	0.965	3.395	0.953	1
8.121102e-06	28	0.919	0.999989998977207	1	0.997265134805593	0.9509	1.0931	0.811	1	0.464	8.038	0.972	1
8.121102e-06	31	0.76	0.999991103669233	0.998	0.996491309106682	0.934	1.076	0.945	1	1	9.486	1.048	1
4.061e-06	23.3	0.159	0.99998542941952	1	0.999395625895174	0.2259	-0.6935	0.258	1	0.984	4.485	1.048	1
8.121102e-06	33	0.867	0.999092094004856	0.888	0.99911372148308	0.9712	1.0944	0.917	1	0.997	7.903	0.892	1
8.121102e-06	31	0.945	0.99264628480617	0.864	0.995398707711576	0.9762	1.0649	0.978	1	1	7.903	0.892	1
8.121102e-06	33	0.906	0.999611150686204	0.938	0.997778793207603	0.9725	1.064	0.991	1	1	7.903	0.935	1
8.121102e-06	27.1	0.935	0.49846072080743	0.67	0.960839778152739	0.9827	1.0253	0.987	1	0.428	9.322	1.088	1
8.121102e-06	25.5	0.747	0.99999721398396	0.996	0.998110724042613	0.8519	0.7134	0.604	1	0.996	7.566	0.935	1
8.121102e-06	25.2	0.945	0.999932026685379	0.98	0.997835726219875	0.9864	1.0076	0.996	1	0.965	9.749	0.902	1
8.121102e-06	26	0.905	0.997386463636815	0.748	0.991723847800556	0.9927	0.9609	0.996	1	1	9.176	0.996	1
8.121102e-06	25.4	0.945	0.999379603041726	0.922	0.993051036865921	0.9918	0.9836	0.996	1	0.922	5.766	0.998	1
8.121102e-06	24.8	0.869	0.999702106215532	0.968	0.998361880629524	0.9907	0.9917	0.989	1	0.891	7.118	1.048	1
8.121102e-06	25.3	0.859	0.984676523949942	0.864	0.990489148668633	0.9931	0.9529	0.986	1	0.909	7.308	1.048	1
8.121102e-06	25.2	0.851	0.978541306063836	0.888	0.99637326690151	0.9921	0.9747	0.997	1	0.909	7.308	1.048	1
8.121102e-06	24.7	0.945	0.979625308975118	0.846	0.995577395758701	0.9911	0.9969	0.986	1	0.994	9.396	0.953	1
8.121102e-06	24	0.945	0.935005685088455	0.784	0.984559406446967	0.9877	1.0111	0.995	1	0.117	7.901	0.998	1
8.121102e-06	24.8	0.945	0.999516889196121	0.874	0.99735030758809	0.9438	1.072	0.983	1	0.995	7.801	1.048	1
8.121102e-06	25.4	0.848	0.981776253234323	0.798	0.98764191912374	0.9888	0.999	0.989	1	0.837	6.647	1.048	1
8.121102e-06	25.2	0.777	0.999995553603527	1	0.997425963105425	0.8169	0.7104	0.631	1	0.991	4.887	1.048	1
8.121102e-06	25.4	0.935	0.978653507098885	0.792	0.98758081568791	0.989	0.9918	0.998	1	0.858	9.944	1.048	1
8.121102e-06	25.4	0.935	0.9997768327913	0.92	0.997607940230129	0.9882	1.0041	0.999	1	0.947	9.724	1.048	1
8.121102e-06	25.5	0.873	0.974626318476529	0.814	0.987672757837133	0.9871	1.0191	0.999	1	0.969	9.724	1.048	1
8.121102e-06	25.4	0.935	0.992061169087953	0.752	0.995031056486979	0.9882	1.0041	1	1	0.969	9.724	1.048	1
8.121102e-06	25.6	0.935	0.975671891498561	0.838	0.995647027120198	0.98	1.0654	0.998	1	0.979	7.05	0.953	1
8.121102e-06	33	0.935	0.999642328126779	0.932	0.999284373033417	0.9916	0.9662	0.999	1	0.615	7.354	0.953	1
8.121102e-06	33	0.945	0.981086913168011	0.926	0.998564508569407	0.9925	0.9502	0.995	1	0.991	10.003	0.953	1
8.121102e-06	28.3	0.776	0.983015723073521	0.86	0.995867008719097	0.9916	0.9328	0.993	1	0.236	9.569	1.048	1
8.121102e-06	27.7	0.945	0.973337915039594	0.762	0.99644674197302	0.9915	0.9458	0.98	1	0.987	9.964	1.048	1
8.121102e-06	25.3	0.945	0.980549481167412	0.686	0.996151774790187	0.9849	1.045	0.996	1	0.988	10.003	1.048	1
8.121102e-06	26.1	0.945	0.980336573144817	0.89	0.995804547285614	0.9926	0.9477	0.994	1	0.995	9.039	0.953	1
8.121102e-06	34	0.906	0.998282221272965	0.854	0.998687766993403	0.4459	-0.1353	0.589	1	0.994	7.816	0.935	1
8.121102e-06	27.7	0.935	0.999265078835394	0.936	0.997977908966573	0.9817	1.0722	0.967	1	0.985	8.262	1.048	1
3.251e-05	32	0.816	0.999996720015008	0.992	0.9981017216337	0.5194	0.0259	0.674	1	1	7.976	1.035	1
8.121102e-06	27.1	0.823	0.134409191294344	0.472	0.998767282974291	0.2983	-0.1517	0.425	1	0.831	6.375	0.815	1
8.121102e-06	24.5	0.945	0.999195328506389	0.816	0.994147749338534	0.9908	0.9965	0.988	1	0.977	4.47	1.048	1
8.121102e-06	25.9	0.935	0.99999592696299	1	0.997085931112774	0.9925	0.9511	0.974	1	0.591	6.748	1.048	1
5.279e-05	34	0.911	0.915225635406578	0.824	0.999285069864418	0.2126	-0.7089	0.448	1	0.949	3.963	0.935	1
4.061e-06	34	0.895	0.502677306390751	0.694	0.997790439417682	0.2105	-0.7134	0.347	1	0.949	3.963	0.935	1
4.064e-06	34	0.935	0.96566381707807	0.798	0.999317737221587	0.2963	-0.4326	0.402	1	0.726	3.445	0.932	1
8.121102e-06	25.4	0.193	0.999973375234749	0.986	0.990149003820066	0.3393	-0.4229	0.409	1	0.114	3.684	0.848	1
8.121102e-06	24	0.945	0.00448471768646964	0.024	0.867791179041165	0.9879	0.9975	0.966	1	0.067	7.37	0.935	1
8.121102e-06	24	0.604	0.870886835366642	0.528	0.99907802073509	0.7132	0.816	0.87	1	0.313	7.71	0.934	1
8.121102e-06	16.82	0.272	0.999960592457472	0.976	0.990933725111836	0.654	0.0666	0.546	1	0.967	4.724	0.953	1
8.121102e-06	24.2	0.527	0.999627481696179	0.968	0.998007341447836	0.8504	0.9256	0.686	1	0.966	2.462	0.891	1
8.121102e-06	22.4	0.579	0.999987852779986	1	0.985315668630593	0.5761	0.2885	0.681	1	0.065	4.678	0.951	1
8.121102e-06	29.5	0.869	0.999991506962041	0.998	0.99924864446052	0.8965	0.9201	0.789	1	0.841	5.621	0.935	1
1.219e-05	33	0.632	0.993002520041807	0.604	0.998243417005395	0.6384	0.5066	0.948	1	0.971	9.659	0.956	1
3.277e-05	23.7	0.285	0.999991084978418	0.992	0.998617637933315	0.4957	-0.0128	0.38	1	0.998	4.994	0.852	1
8.121102e-06	28.9	0.905	0.815730824205519	0.836	0.99572311371322	0.8592	0.9777	0.93	1	0.992	7.623	1.061	1
8.121102e-06	35	0.935	0.999990070443708	0.99	0.99843180452208	0.1158	-1.0869	0.294	1	0.997	7.258	0.935	1
8.121102e-06	25.5	0.547	0.0291357032127473	0.142	0.997975542200701	0.9353	1.0725	0.894	1	0.976	7.841	0.995	1
8.121102e-06	25.4	0.575	0.999035374602808	0.968	0.996170831865004	0.9425	1.094	0.872	1	0.964	7.732	0.877	1
8.121102e-06	27.1	0.919	0.902592590972131	0.618	0.999102627926824	0.9636	1.0988	0.935	1	0.896	7.744	0.803	1
8.121102e-06	24.6	0.945	0.999756363333208	0.952	0.999284521289218	0.991	0.9579	0.985	1	0.984	7.017	0.998	1
8.121102e-06	24.5	0.945	0.885173711266207	0.842	0.998224514485995	0.992	0.9365	0.949	1	0.994	7.017	0.998	1
8.121102e-06	25.3	0.828	0.999956785946341	0.986	0.998534736049307	0.8284	0.8041	0.679	1	1	6.037	1.027	1
8.121102e-06	25.4	0.877	0.0730380208560857	0.468	0.996286492280273	0.9807	1.0477	0.909	0.021	0.562	0.822	0.975	1
8.121102e-06	26.5	0.945	0.226777618773346	0.334	0.994200429849678	0.9822	1.0678	0.958	1	0.699	6.111	1.048	1
3.252e-05	13.53	0.502	0.0021215058740686	0.058	0.6770711992585	0.6572	0.1242	0.745	0.995	0.518	1.451	0.784	1
8.121102e-06	34	0.853	0.988422884802724	0.798	0.999152017628839	0.6209	0.1637	0.788	1	0.98	5.396	0.953	1
8.121102e-06	23.4	0.896	0.999953438543088	1	0.998234521820649	0.1266	-0.9537	0.447	1	0.993	8.947	1.088	1
7.21e-06	16.86	0.005	0.999988880097197	0.988	0.997020344684444	0.9375	0.5996	0.403	1	0.019	2.826	0.682	1
8.121102e-06	24.1	0.911	1.42386105473623e-05	0.128	0.991569925353621	0.9504	1.0101	0.849	0	0.723	-2	-0.993	1
8.121102e-06	29.9	0.905	0.999997221405586	0.992	0.997818580110165	0.986	1.0173	0.883	1	0.979	4.527	0.821	1
8.121102e-06	27.6	0.935	0.99998422107503	0.964	0.998943173084974	0.665	0.5907	0.877	1	0.999	6.326	1.048	1
8.121102e-06	34	0.723	0.999989205947112	1	0.999494786665429	0.7841	0.6666	0.858	1	0.997	7.59	1.048	1
8.121102e-06	27.3	0.69	0.999929351692802	0.996	0.998310693392866	0.7711	0.7243	0.942	1	1	8.945	1.14	1
8.121102e-06	26.5	0.647	0.999887488446212	1	0.997920721017291	0.7326	0.6073	0.89	1	1	8.945	1.14	1
8.121102e-06	27.7	0.859	0.999994807411868	1	0.996760456428574	0.2933	-0.6468	0.688	1	0.998	9.591	0.998	1
8.121102e-06	28.4	0.902	0.999997643939171	1	0.997648662852111	0.5655	0.2693	0.954	1	1	9.291	1.048	1
8.121102e-06	28.9	0.902	0.999989871197195	1	0.997659380402397	0.5749	0.2845	0.954	1	1	9.291	1.048	1
8.121102e-06	24.9	0.648	0.999985745171645	0.998	0.992823053088245	0.3751	-0.3162	0.509	1	0.668	9.739	1.048	1
8.121102e-06	19.95	0.333	0.99997309852995	0.974	0.993833769438863	0.6624	0.1545	0.668	1	0.511	7.391	0.142	1
8.121102e-06	21.6	0.502	0.999997424211608	1	0.99638993176632	0.848	0.8129	0.492	1	0.992	8.049	1.048	1
8.121102e-06	32	0.715	0.999998346624078	0.998	0.999261087356006	0.9778	1.0496	0.974	1	0.991	7.905	0.852	1
8.121102e-06	25.5	0.688	0.0001828809240398	0.016	0.696698863033965	0.9861	1.0388	0.873	0.999	0.786	3.803	0.852	1
8.121102e-06	32	0.897	0.0275477011232705	0.198	0.951453438136158	0.9869	1.0191	0.918	0.995	0.994	3.162	0.852	1
8.121102e-06	34	0.844	0.995501862426866	0.782	0.983404108457854	0.9824	1.0534	0.949	1	0.998	3.705	0.935	1
8.121102e-06	23.8	0.902	0.996842613932865	0.9	0.768961775483747	0.992	0.9462	0.941	1	0.511	3.599	0.935	1
8.121102e-06	24.5	0.772	0.0053793308228864	0.022	0.937674232233576	0.9897	0.9812	0.954	0.966	0.988	1.981	0.935	1
8.121102e-06	25	0.911	0.999757301029534	0.978	0.99848900340562	0.9914	0.985	0.938	1	0.572	4.21	0.935	1
8.121102e-06	26	0.945	0.971491703293529	0.796	0.995537783645038	0.9915	0.975	0.951	0.933	1	1.921	0.935	1
2.106e-05	23.7	0.803	0.990351134372502	0.784	0.997512856209087	0.8352	0.8586	0.58	0.965	0.89	1.583	1.048	1
8.121102e-06	25.1	0.945	0.883931313087858	0.688	0.994819622925976	0.9631	1.0993	0.968	0.676	0.949	1.144	0.852	1
8.121102e-06	29.7	0.945	0.999497333443836	0.968	0.997885306890219	0.6799	0.2019	0.942	1	0.994	10.003	1.048	1
8.121102e-06	28.8	0.945	0.875957214870478	0.58	0.997969676288031	0.916	1.0817	0.909	1	0.997	7.31	0.892	1
8.121102e-06	29.4	0.867	0.65846289644228	0.638	0.998620937477332	0.7	0.495	0.835	1	1	8.947	1.199	1
8.121102e-06	26.3	0.902	0.998124802416482	0.786	0.998712721978818	0.2045	-0.765	0.631	1	1	9.596	1.048	1
4.067e-06	33	0.905	0.980248788125485	0.692	0.999398142184213	0.7121	0.5935	0.716	1	1	9.232	1.048	1
4.075e-06	29.1	0.902	0.999959316017259	0.992	0.999025801989567	0.9761	1.0617	0.998	1	0.476	7.87	0.935	1
8.121102e-06	28.6	0.861	0.758908660848557	0.8	0.997660774908597	0.9925	0.9668	0.984	1	1	7.826	0.935	1
8.121102e-06	22.8	0.46	0.0571753699914423	0.354	0.956399216691387	0.5524	0.1944	0.811	1	1	5.39	1.189	1
8.121102e-06	29	0.847	0.995010755792444	0.934	0.998872373126742	0.9133	0.9973	0.827	1	0.745	9.306	1.028	1
8.121102e-06	27.4	0.945	0.447338441031151	0.45	0.998643464084327	0.9264	1.0549	0.913	1	0.998	9.256	1.088	1
4.985e-05	27.4	0.804	0.22694121885947	0.502	0.9983643782797	0.9164	1.0405	0.944	1	1	7.842	1.061	1
8.121102e-06	28.4	0.599	0.999979571359892	0.99	0.998945284191131	0.0649	-1.1775	0.23	1	0.997	7.624	0.935	1
8.121102e-06	32	0.653	0.999702187746586	0.928	0.998596299073345	0.4204	-0.1986	0.496	1	1	7.65	0.892	1
8.121102e-06	25.7	0.684	0.99999732354475	0.998	0.995073841415	0.567	0.0332	0.686	1	0.994	4.99	0.935	1
3.264e-05	14.89	0.559	0.898958806339745	0.858	0.861721098908624	0.0498	-1.0239	0.101	0	0	-0.255	-1.17	1
8.121102e-06	29.5	0.945	0.998636618081458	0.9	0.999283554911064	0.9638	1.0865	0.987	1	0.998	9.352	0.065	1
8.121102e-06	28	0.906	0.999993020836646	0.99	0.998691528452025	0.844	0.9618	0.924	1	0.098	7.723	0.935	1
1.771e-05	22.7	0.054	0.999989182958268	1	0.956959863908286	0.1506	-0.956	0.141	1	0.997	3.456	0.935	1
8.121102e-06	26.8	0.945	0.999729088334342	0.888	0.99748255753651	0.546	0.0168	0.628	1	0.95	9.567	1.048	1
8.121102e-06	25.6	0.863	0.999978054015337	0.976	0.982684636997869	0.3471	-0.4158	0.732	1	0.994	5.568	0.998	1
8.121102e-06	24.4	0.43	0.953011781881935	0.636	0.997656594296269	0.5228	-0.1478	0.787	1	0.985	9.72	0.953	1
8.121102e-06	34	0.935	0.999992172834442	0.988	0.997345003727781	0.8813	0.9417	0.9	1	0.81	5.364	0.779	1
8.121102e-06	27.9	0.841	0.0348819946807303	0.318	0.99696024323988	0.6998	0.6654	0.662	1	0.998	5.01	0.935	1
8.121102e-06	24.7	0.579	0.99962974564785	0.996	0.99255892183238	0.0707	-1.1539	0.164	1	1	1.097	0.126	1
8.121102e-06	27.8	0.527	0.999983736481918	0.998	0.998935613543611	0.1452	-0.9206	0.279	1	0.809	2.731	1.048	1
8.121102e-06	29.5	0.843	0.999950214433786	0.97	0.998802804181275	0.4559	-0.1158	0.63	1	0.993	9.945	0.998	1
8.121102e-06	28.2	0.935	0.999890073667905	1	0.998969445412065	0.5272	0.142	0.858	1	0.996	8.947	1.199	1
8.121102e-06	28.9	0.945	0.558864050066267	0.62	0.99870251014139	0.8413	0.8685	0.955	1	0.986	9.207	1.088	1
8.121102e-06	22.5	0.481	0.438406198120927	0.57	0.985408558441675	0.5523	0.2276	0.949	1	0.999	9.212	1.199	1
8.121102e-06	31	0.911	0.999970959907903	0.994	0.999312768022598	0.7346	0.636	0.881	1	0.955	9.883	1.048	1
8.121102e-06	27	0.945	0.9999815006363	0.994	0.995859485228273	0.9438	1.0871	0.908	1	0.989	9.998	0.953	1
8.121102e-06	17.86	0.339	0.0316002145712192	0.148	0.954512901873118	0.1286	-0.9296	0.304	1	0.997	4.124	0.993	1
3.254e-05	28.5	0.679	0.944224731756716	0.622	0.996987109935067	0.6148	0.3323	0.846	1	1	9.459	1.044	1
8.121102e-06	6.929	0.272	0.152285886124693	0.274	0.838021058689145	0.0296	-1.1007	0.084	0.646	0.897	0.652	0.964	1
8.121102e-06	32	0.945	0.998235981304484	0.882	0.999167635421128	0.1942	-0.7066	0.596	1	0.999	9.002	0.94	1
4.094e-06	23.3	0.359	0.999998122414291	1	0.989799968864544	0.1618	-0.8314	0.422	1	0.992	7.082	0.935	1
8.121102e-06	22.5	0.346	0.999991630483647	1	0.995475874691857	0.5421	0.0136	0.448	1	0.999	9.556	0.998	1
8.121102e-06	34	0.905	0.999996945538093	1	0.999271859094381	0.1496	-0.9603	0.459	1	1	7.568	0.935	1
4.065e-06	34	0.861	0.99999271922534	1	0.995679373799649	0.3195	-0.4247	0.421	1	1	6.012	0.852	1
8.121102e-06	31	0.871	0.0779465212257915	0.388	0.998792190246474	0.2502	-0.6376	0.523	1	0.998	8.987	1.199	1
8.121102e-06	32	0.919	0.999950079473467	0.99	0.997910142122221	0.4229	-0.262	0.593	1	0.996	7.559	0.935	1
8.121102e-06	25.2	0.945	0.997095229568546	0.792	0.995080348635932	0.9747	1.0539	0.93	1	0.962	7.622	0.855	1
3.259e-05	25.7	0.906	0.999991706347946	0.988	0.997343442148497	0.5583	0.3534	0.772	1	0.616	9.254	0.848	1
8.121102e-06	28.8	0.715	0.994726417712049	0.858	0.996997587320019	0.479	-0.1153	0.727	1	0.999	7.499	0.729	1
8.121102e-06	22.9	0.286	0.999993449494972	1	0.99260886067748	0.6638	0.3217	0.502	1	0.992	5.979	1.048	1
8.121102e-06	22.9	0.81	0.0626996148529394	0.254	0.988493945313595	0.9863	1.0244	0.957	1	0.987	9.602	1.048	1
8.121102e-06	25.4	0.945	0.999586296664705	0.966	0.99365201040309	0.9927	0.9636	0.991	1	1	9.602	1.048	1
8.121102e-06	23.6	0.935	0.999626653379595	0.888	0.998017875228365	0.993	0.9557	0.985	1	0.954	9.86	1.048	1
8.121102e-06	24.4	0.945	0.997354385166112	0.868	0.988520276348952	0.9924	0.9702	0.991	1	0.934	9.943	1.048	1
8.121102e-06	26	0.919	0.997005934770583	0.836	0.993663426041081	0.9918	0.9675	0.979	1	0.999	9.693	0.998	1
8.121102e-06	25.7	0.945	0.999858317828589	0.97	0.992990828995583	0.9918	0.9675	0.98	1	0.999	9.693	0.998	1
8.121102e-06	23.3	0.935	0.999649142650356	0.924	0.996683118713778	0.9897	1.0125	0.97	1	0.792	9.013	1.048	1
8.121102e-06	24.7	0.372	0.818715972127907	0.63	0.998172639660875	0.9263	1.0105	0.927	1	0.997	9.418	1.048	1
8.121102e-06	24	0.935	0.986297925671821	0.82	0.995998693491652	0.9908	0.9864	0.99	1	0.918	9.85	1.048	1
8.121102e-06	25.2	0.882	0.998884250812674	0.88	0.997391775825376	0.9897	1.0083	0.979	1	0.998	9.676	1.048	1
4.062e-06	33	0.855	0.998765534772206	0.838	0.998615536240692	0.8372	0.9005	0.932	1	0.998	7.905	0.935	1
8.121102e-06	23.9	0.075	0.999947368781249	0.998	0.997394563270026	0.0552	-1.1103	0.155	1	0.996	7.476	1.048	1
8.172e-06	23.2	0.385	0.999542308186734	0.908	0.99790198793706	0.7377	0.2782	0.457	1	0.994	8.899	1.048	1
4.078e-06	26.9	0.883	0.00312740624125326	0.12	0.997110348289196	0.9407	1.035	0.937	1	0.998	2.626	1.199	1
8.121102e-06	32	0.911	0.999996443197837	0.996	0.999419208740422	0.9717	1.0847	0.989	1	0.966	9.755	1.048	1
8.121102e-06	27.4	0.935	0.472245106601268	0.676	0.99852857022548	0.9852	1.0066	0.986	1	0.997	7.799	0.807	1
8.121102e-06	33	0.911	0.999902740538874	0.904	0.999290864590951	0.7109	0.5489	0.854	1	0.997	6.681	0.935	1
8.121102e-06	23.3	0.354	0.999992581621154	0.952	0.995562435694571	0.1053	-1.013	0.231	1	0.835	9.898	0.953	1
8.121102e-06	27.7	0.853	0.999997374398069	1	0.998995827252054	0.3625	-0.2812	0.762	1	0.983	9.985	1.029	1
8.121102e-06	28.7	0.897	0.999907772827686	0.984	0.999114693708135	0.5648	0.279	0.776	1	0.74	9.834	0.953	1
8.121102e-06	20.9	0.383	0.998305493881181	0.97	0.973644598418779	0.1202	-0.9501	0.085	1	0.952	3.554	1.088	1
8.121102e-06	27.2	0.737	0.999812001803581	0.968	0.996431155149515	0.4287	-0.2911	0.448	1	0.948	1.699	0.852	1
8.121102e-06	34	0.889	0.999740018908223	0.846	0.962718855822102	0.5764	0.0214	0.731	1	1	5.756	0.935	1
8.121102e-06	23.2	0.453	0.968928098540524	0.798	0.997996488946336	0.9196	1.0343	0.771	1	0.994	7.614	1.048	1
8.121102e-06	28.4	0.669	0.999995465224519	1	0.993673161379738	0.9842	0.9884	0.849	1	0.986	1.69	1.048	1
8.121102e-06	35	0.73	0.999963215195556	0.962	0.998501012279499	0.715	0.5095	0.902	1	0.986	9.105	1.045	1
0.0001137	32	0.945	0.999457784472632	0.97	0.998565245350648	0.9708	1.0723	0.99	1	0.842	8.27	1.048	1
8.121102e-06	23.6	0.301	0.999971210576057	0.998	0.995843122882719	0.1337	-0.9357	0.314	1	1	7.542	0.935	1
8.121102e-06	26.6	0.764	0.99995243503548	0.998	0.99857268759443	0.9003	0.9949	0.931	1	0.997	7.491	0.964	1
8.121102e-06	17.49	0.251	0.999224773659963	0.948	0.98121205360132	0.0998	-1.075	0.068	1	0.992	2.745	1.061	1
8.121102e-06	32	0.902	0.999112054366284	0.93	0.998237045703781	0.1815	-0.8786	0.319	0.935	0.335	1.841	0.87	1
0	25.4	0.429	0.999972464412678	0.992	0.997137501904746	0.2028	-0.8547	0.202	0.965	0.739	1.368	0.846	1
8.121102e-06	32	0.859	0.999979802801039	0.996	0.99916894627589	0.4599	0.1125	0.363	1	0.988	5.245	0.953	1
4.141e-06	27.9	0.813	0.017176217884627	0.164	0.996012325733949	0.7547	0.5941	0.759	1	0.986	3.992	0.07	1
8.358e-06	28.2	0.881	0.990201016505436	0.674	0.998545883660729	0.8157	0.8322	0.852	1	0.972	5.422	0.935	1
8.121102e-06	28.3	0.895	0.999989610030751	0.994	0.998951561664857	0.5378	0.3416	0.769	1	0.894	7.273	1.045	1
8.121102e-06	27.4	0.855	0.999997347856787	1	0.998109230729224	0.966	1.1149	0.838	1	0.956	4.819	0.998	1
8.121102e-06	27.8	0.935	0.999690309449997	0.926	0.998814445454226	0.905	1.0415	0.902	1	0.992	9.268	0.953	1
8.121102e-06	31	0.884	0.871210621142184	0.738	0.990858777935014	0.641	0.4737	0.777	1	1	6.067	0.935	1
8.121102e-06	18.74	0.064	0.944501363260617	0.712	0.982136719171857	0.8417	0.6411	0.629	1	0.998	1.645	0.951	1
8.121102e-06	28.1	0.729	0.999991577841027	0.99	0.997727263480645	0.9802	1.0568	0.955	1	0.991	7.34	1.048	1
8.121102e-06	26.7	0.062	0.999975172946809	0.992	0.99542011950167	0.9118	0.8818	0.752	1	0.991	7.34	1.048	1
8.121102e-06	25.2	0.72	0.999997776831365	1	0.998606358985408	0.9641	1.0791	0.848	1	1	7.72	1.048	1
8.121102e-06	15.96	0.061	0.9999856753803	0.938	0.993476490710774	0.9315	0.9636	0.669	1	0.997	4.746	1.048	1
8.121102e-06	24.5	0.41	0.999995349837488	0.974	0.998433868073426	0.929	0.9857	0.704	1	1	9.452	1.048	1
8.121102e-06	24.6	0.363	0.999969991192779	0.994	0.993372330408673	0.9613	1.1129	0.936	1	1	9.49	1.048	1
8.121102e-06	28.5	0.851	0.152557333406853	0.504	0.998783688456355	0.1576	-0.6994	0.431	1	0.997	8.889	1.085	1
8.121102e-06	25.5	0.892	0.999963626531364	1	0.997157672820972	0.9271	1.0672	0.889	1	0.984	8.644	0.889	1
8.121102e-06	16.94	0.445	0.999741848971724	0.928	0.978859123462344	0.8868	0.4912	0.438	1	1	2.256	0.88	1
8.121102e-06	27.3	0.828	0.999997305513426	1	0.996468186941645	0.6888	0.4269	0.784	1	1	7.905	0.935	1
8.121102e-06	28.1	0.764	0.992527440015443	0.884	0.995997739540175	0.2792	-0.6422	0.231	1	0.994	5.226	0.892	1
8.121102e-06	32	0.945	0.983807114670417	0.724	0.998698355598002	0.9946	0.9211	0.983	1	0.999	7.903	0.934	1
8.121102e-06	33	0.906	0.99997126155502	0.996	0.997112616398123	0.1572	-0.8173	0.349	1	1	5.921	0.953	1
1.688e-05	23.3	0.713	0.113430566356011	0.378	0.997874507528175	0.8899	0.9812	0.928	1	0.991	7.511	1.061	1
8.121102e-06	28	0.896	0.998056727394315	0.876	0.998084855636709	0.8942	0.9826	0.896	1	0.996	6.76	0.931	1
8.121102e-06	24.8	0.896	0.892464513825746	0.626	0.985960330750234	0.9847	1.0485	0.839	1	1	7.886	0.932	1
8.121102e-06	27.3	0.782	0.999996932394994	1	0.99705592265451	0.9803	1.0831	0.931	1	0.933	6.847	0.872	1
8.121102e-06	19.59	0.446	0.00167349979827902	0.024	0.979016318029963	0.925	0.9436	0.696	1	1	4.552	1.061	1
8.121102e-06	22.9	0.449	0.00775248775822852	0.07	0.977633717596951	0.9096	0.9596	0.688	1	1	4.552	1.061	1
8.121102e-06	16.47	0.034	0.0838067062719023	0.278	0.993722267574919	0.9314	0.9264	0.683	1	1	5.728	1.048	1
8.121102e-06	14.42	0.065	0.0921156050970222	0.444	0.98825657030702	0.4104	-0.4647	0.313	1	0.937	3.231	0.126	1
8.121102e-06	24.9	0.945	0.997731743742513	0.926	0.997340431729839	0.9797	1.0609	0.984	1	0.997	8.091	0.902	1
8.121102e-06	25.1	0.945	0.997984426872181	0.964	0.997688961516407	0.9924	0.9628	0.978	1	1	8.383	1.048	1
8.121102e-06	24.3	0.873	0.628127717923154	0.734	0.994265345781566	0.9881	0.9838	0.994	1	0.965	7.161	1.048	1
8.121102e-06	23.4	0.919	0.999989723285347	0.998	0.966038062743332	0.9849	1.0269	0.969	1	0.998	8.712	0.902	1
8.121102e-06	24.3	0.945	0.94321808301967	0.828	0.995108117267429	0.9934	0.9214	0.962	1	0.977	9.912	0.953	1
8.121102e-06	24.7	0.945	0.999974819846774	0.998	0.998059960880986	0.9894	0.9713	0.993	1	0.998	9.073	1.048	1
8.121102e-06	25.4	0.76	0.999950820441341	0.998	0.990373638576728	0.9877	0.9857	0.956	1	1	8.567	0.902	1
5.698e-06	24.8	0.945	0.999965091314283	0.996	0.988607627067708	0.9886	0.99	0.989	1	0.99	9.203	1.048	1
8.121102e-06	23.9	0.405	0.999988794074843	0.996	0.993552591307901	0.7519	0.5683	0.631	1	0.997	6.263	1.048	1
8.121102e-06	26.2	0.945	0.999872587074641	0.98	0.996903948326456	0.6477	0.5947	0.974	1	0.865	8.657	0.953	1
8.121102e-06	28.6	0.919	0.0887102055227799	0.494	0.997413768424544	0.9684	1.0828	0.99	1	1	8.017	1.061	1
8.121102e-06	32	0.884	0.99998492414301	1	0.997576041286567	0.9268	1.0762	0.874	1	1	10.003	1.048	1
8.121102e-06	24.3	0.71	0.99999298022137	0.998	0.993808615750449	0.816	0.6715	0.642	1	0.997	5.556	0.154	1
8.121102e-06	34	0.945	0.966943981557571	0.854	0.998712488796379	0.3655	0.1491	0.742	1	0.997	9.998	1.048	1
8.121102e-06	29.4	0.892	0.999978707329341	0.988	0.999175527825298	0.8784	0.987	0.948	1	1	7.905	0.935	1
8.121102e-06	25.2	0.289	0.999928243709066	0.99	0.994130244227801	0.1004	-0.8439	0.192	1	0.921	4.514	0.935	1
8.121102e-06	31	0.867	0.967005331495218	0.85	0.998525219779898	0.4473	-0.248	0.52	1	0.996	7.889	0.892	1
8.121102e-06	18.34	0.007	0.999980464004052	0.996	0.978182401635383	0.5028	-0.2097	0.33	1	0.976	7.276	0.998	1
8.121102e-06	22.3	0.62	0.999991742956908	0.994	0.998064246007127	0.8676	0.9293	0.745	1	0.963	4.509	1.045	1
8.121102e-06	24.8	0.906	0.986842948073985	0.884	0.994259580094858	0.421	-0.0599	0.613	0.989	0.983	1.768	1.088	1
8.121102e-06	29.4	0.945	0.999997504825806	1	0.999258988417892	0.8093	0.9306	0.931	1	0.992	9.827	1.032	1
8.121102e-06	22.9	0.615	5.40552293364454e-05	0.256	0.997404564226556	0.6739	0.1759	0.75	1	1	1.326	1.088	1
8.121102e-06	22.6	0.615	0.000255152183804401	0.208	0.997391955155433	0.6739	0.1759	0.75	1	1	1.326	1.088	1
8.121102e-06	33	0.823	0.888670224887344	0.776	0.999362495115701	0.2678	-0.4286	0.404	1	0.976	10.003	0.902	1
8.121102e-06	26.2	0.945	0.999864047094385	0.95	0.905606154350494	0.9172	1.0152	0.886	1	0.701	7.849	0.931	1
8.121102e-06	23.8	0.423	0.951496347534418	0.762	0.997315867711459	0.7922	0.8988	0.828	1	0.433	7.285	0.935	1
8.121102e-06	26.5	0.911	0.999934494504541	0.978	0.999216935103149	0.9984	0.8963	0.927	1	0.864	6.472	0.852	1
0.1288	16.41	0.008	0.0680178264109178	0.204	0.913013737906521	2e-04	-1.0646	0.116	1	0.925	2.291	1.061	0
0.3725	20.5	0.002	0.00209800902093512	0.042	0.894261505044057	0	-0.9441	0.045	0.995	0.999	0.279	0.07	0
0.008995	23.5	0.544	0.00610273906793344	0.158	0.991631466503218	0.3351	-0.4546	0.35	0.894	0.597	-0.005	-1.051	0
1.223e-05	23.7	0.64	0.995161101157331	0.842	0.991453897308269	0.7474	0.6111	0.573	1	1	3.518	1.061	0
0.5634	1.341	0	5.98549704130777e-05	0.008	0.0496380271744566	0	-0.9711	0.229	0.959	0.002	2.447	0.069	0
0.001917	27.3	0.497	0.929987304278559	0.816	0.998788487550563	0.072	-0.9614	0.102	1	0.989	4.413	0.935	0
0.03188	20.7	0.499	0.00482142109066214	0.032	0.982379603436651	0.0042	-0.9773	0.08	0	0.016	-0.052	-0.081	0
0.003546	13.13	0.042	0.000179752506737736	0.034	0.985483944516834	0.1388	-1.0544	0.18	0.997	0.998	0.438	-0.262	0
0.008079	12.17	0	0.000647658092140306	0.152	0.992885434854804	0.0363	-1.0976	0.05	1	1	4.866	1.14	0
0.002401	22.1	0.384	0.00952200210718309	0.094	0.976157740926012	0.0697	-0.9576	0.157	0.998	0.845	7.791	1.088	0
0.09828	9.771	0.014	0.999881598372148	0.95	0.857307457725765	0	-1.0114	0.033	0.427	0.033	0.56	0.935	0
0.08196	2.058	0.015	0.00212255103199757	0.032	0.423684185344214	0.0836	-1.0001	0.024	0.27	0.016	0.594	0.134	0
0.0006788	21.9	0.018	0.998334403640729	0.876	0.993834588138225	0.1154	-0.9858	0.109	1	0.962	5.148	0.892	0
0.00111	25.1	0.595	0.0388218088686067	0.28	0.99869437837018	0.0943	-0.8139	0.219	1	0.916	3.304	0.793	0
0.003007	18.68	0.051	0.907351382933121	0.63	0.98680038979791	0.0083	-1.0752	0.036	1	0.966	2.043	0.852	0
0.0004651	21.5	0.407	0.10679221119418	0.222	0.99341740998078	0.0107	-0.9459	0.096	0.999	0.599	4.851	0.116	0
0.0004107	17.31	0.038	0.000458846982330919	0.016	0.983065821426853	0.1068	-1.0456	0.038	0.999	0.97	0.55	0.041	0
0.04171	0.001	0	2.69063274067507e-05	0.018	0.44713943368304	7e-04	-1.0439	0.257	0	0.089	-2.62	-1.722	0
0.00147	19.26	0.415	0.000133230205396157	0.03	0.993791045726819	0.0982	-0.9456	0.074	0.97	0.952	2.231	-0.723	0
0.0005739	20.5	0.037	0.00181926037490915	0.026	0.940931220951537	0.116	-0.9704	0.068	1	0.998	4.487	0.935	0
0.08934	25.5	0.775	0.712296137280803	0.242	0.997706331915713	0.0023	-1.0918	0.152	1	0.979	5.061	0.953	0
0.5826	23.9	0.661	0.890217693256528	0.296	0.998126850804926	0	-0.9867	0.161	1	0.998	4.497	1.14	0
0.007226	12.26	0.044	0.000155025615351279	0.122	0.897755514072166	8e-04	-1.0013	0.067	0.996	0.323	2.877	-0.859	0
3.698e-05	21.3	0.027	0.000639960380502296	0.102	0.930717065526614	0.1467	-0.9129	0.217	0.963	0.988	-0.264	0.065	0
0.001777	2.678	0.015	3.26579991845859e-05	0.182	0.46463059457067	0.3455	-0.7674	0.318	0.851	0.179	0.044	-2.096	0
0.002272	27.7	0.902	0.875882714790734	0.708	0.996640873987601	0.91	1.0304	0.842	1	1	9.22	1.14	0
0.01025	15.76	0.241	0.587476271148272	0.372	0.977354038165285	0.2206	-0.834	0.12	1	1	1.667	0.913	0
0.002804	13.22	0.32	7.09335704609794e-05	0.03	0.944169366104108	0.0143	-1.1057	0.072	1	0.982	1.594	-0.215	0
0.03477	21.7	0.009	0.771458796833591	0.53	0.988724922529709	0.0084	-1.0877	0.109	1	1	3.758	1.061	0
0.005822	29.6	0.919	0.735560151461567	0.676	0.99927078782498	0.5804	0.3438	0.402	1	0.994	6.998	1.061	0
0.00171	33	0.87	0.939477738037073	0.828	0.999162710378329	0.2602	-0.6018	0.448	1	0.998	8.9	1.048	0
0.0009302	0.015	0	1.56410944320175e-05	0.002	0.54646354138625	0.0265	-0.991	0.029	0	0	-0.973	-1.855	0
0.005104	22.6	0.323	0.0112334597208232	0.088	0.8753829751554	0.1614	-0.703	0.319	1	0.372	4.399	-0.304	0
1.226e-05	6.961	0.005	2.39849923690466e-05	0.002	0.633499363674855	0.2316	-0.8141	0.521	0.006	0.684	0.047	-0.623	0
0.002014	21.2	0.397	0.999595159049286	0.922	0.987577092020115	0.1005	-1.0608	0.095	0.997	0.841	2.499	0.852	0
0.0006336	22.5	0.506	0.000193417882289797	0.078	0.996274108689286	0.1457	-0.8789	0.144	1	0.998	3.182	1.035	0
8.183e-06	10.94	0.004	0.00123008557902245	0.028	0.905275606975603	0.0475	-1.0538	0.048	1	1	3.474	1.061	0
0.03741	0.037	0.002	4.34157378637461e-05	0.03	0.76110560814841	0.0032	-0.9196	0.038	0.618	0.777	0.806	-0.243	0
0.02103	16.8	0.301	0.000602856877214466	0.006	0.984928518087051	0.2243	-0.6258	0.275	0.779	0.982	0.533	0.937	0
0.003351	14.07	0.066	0.00025709634228779	0.012	0.73378066708383	0.3235	-0.6426	0.246	0.125	0.006	0.749	0.024	0
0.002059	0.015	0.012	4.65551372066914e-05	0.008	0.389687472068855	0.2441	-0.7843	0.052	0.001	0.016	-0.841	-1.5	0
0.03744	22.8	0.035	0.119518388079124	0.196	0.93564877740287	0.0011	-0.9701	0.348	1	0.995	4.729	0.935	0
0.000935	33	0.911	0.957317523682655	0.76	0.968815696845462	0.198	-0.8585	0.339	1	0.355	7.687	0.935	0
0.001221	7.76	0.005	0.000140966162904061	0.002	0.808867064036607	0.0429	-1.0938	0.119	0.001	0.983	-0.672	0.115	0
0.0008825	13.94	0.027	0.0323453225346183	0.208	0.980028504591363	0.6572	-0.0363	0.256	0.836	0.967	1.689	1.088	0
0.001808	12.01	0.077	0.0085855632898586	0.204	0.983782603675675	0.2229	-0.9229	0.117	0.989	0.993	0.231	0.127	0
0.002639	23.6	0.044	0.834332023659694	0.73	0.998267488033896	0.6751	-0.337	0.227	0.985	0.963	1.997	0.998	0
0.01838	26.5	0.715	0.95449767471142	0.652	0.990207299591299	0.135	-0.7593	0.23	1	0.997	8.487	1.199	0
8.121102e-06	27.8	0.823	0.988234770595342	0.886	0.999286531059935	0.9649	1.0924	0.863	1	0.943	4.694	1.048	0
5.483e-05	23.8	0.396	0.991553925692884	0.726	0.987697917042789	0.8486	0.8393	0.652	1	0.964	7.234	0.935	0
0.001412	32	0.82	0.146353083412919	0.368	0.999188709663824	0.7342	0.5299	0.673	1	1	2.356	1.048	0
0.03552	22.9	0.408	0.760119822226363	0.61	0.99584118723497	0.0011	-1.1758	0.115	1	0.951	7.155	1.006	0
0.01234	26.5	0.826	0.958369657443152	0.74	0.996601248141368	0.0518	-1.1841	0.178	1	1	9.468	0.998	0
0.001316	22.6	0.845	5.90792830333463e-05	0.078	0.994355590013905	0.1055	-0.9198	0.146	0.967	0.976	0.298	0.23	0
0.001171	23.1	0.024	0.00011428181040427	0.024	0.983991159907563	0.0262	-1.0896	0.03	1	0.962	1.493	-0.135	0
0.02184	24.6	0.362	0.99999760961569	0.968	0.99642229290566	0.1262	-0.7319	0.276	1	0.992	7.679	0.953	0
0.00592	0.397	0.013	0.000115959249613087	0.01	0.604750225958622	0.0064	-1.1198	0.052	0.001	0.434	-0.333	-1.322	0
0.2642	0.001	0	0.00166413924167177	0.254	0.0847291868657821	0.0067	-0.9375	0.004	0	0.005	-2.391	-1.658	0
0.08567	15.94	0	1.11548884133135e-05	0	0.834697389797961	0	-0.9441	0.057	1	0.872	2.996	0.244	0
0.00527	32	0.857	0.999861335988478	0.888	0.998449992767647	0.3206	-0.2973	0.527	1	0.983	9.637	0.953	0
0.3172	21.7	0.013	0.952209820848639	0.846	0.985986064096612	0.0097	-0.9056	0.034	1	0.983	4.294	1.045	0
0.1219	27.3	0.59	0.924135563518443	0.848	0.998945525738421	0.1605	-0.8061	0.285	1	0.981	9.76	1.035	0
0.00359	10.28	0	0.000366943282841436	0.124	0.590814959984503	0.0142	-0.9804	0.132	1	0.998	1.099	0.935	0
0.0007375	24.3	0.45	0.999328064695015	0.828	0.955300523717476	0.0426	-1.0341	0.045	0.038	0.269	0.223	0.104	0
0.0009922	25.7	0.809	0.997394393229118	0.79	0.997344356091081	0.1131	-0.9891	0.24	1	0.723	2.762	0.935	0
0.003409	25.2	0.699	0.00956980486225788	0.084	0.998235464187475	0.0628	-1.0207	0.397	1	0.769	5.238	1.199	0
0.002088	25.8	0.381	0.969307402085628	0.622	0.998887916002196	0.6626	0.4115	0.458	0.119	1	0.938	1.048	0
0.001079	23.6	0.786	0.0261070103695092	0.124	0.989371908176438	0.2524	-0.5294	0.321	1	0.208	3.453	1.058	0
0.04299	12.2	0.029	0.999784616850964	0.982	0.973889041819636	7e-04	-1.1057	0.115	1	0.557	3.892	0.925	0
0.001702	21.4	0.679	0.99932002709524	0.778	0.963091976399778	0.1956	-0.5847	0.227	1	0.998	4.833	0.998	0
0.002159	25.4	0.714	0.957909675724262	0.796	0.997651121509822	0.0855	-0.9161	0.129	1	0.98	7.391	1.048	0
0.002672	0.002	0	0.00042309264332356	0.192	0.244007147952876	0.0917	-1.0047	0.029	0.005	0.44	-0.332	-0.671	0
0.237	6.483	0	4.64004525580713e-05	0.004	0.901271422628935	0	-0.983	0.02	0.001	0.344	-0.321	-0.542	0
0.003664	22.8	0.389	0.00140786642032653	0.06	0.927921592912715	0.8512	0.7171	0.598	1	0.986	5.239	1.048	0
